{"cameraMode":{"drawMode":0,"name":"Shaded","section":"Shading Mode"},"sceneLighting":false,"audioPlay":false,"sceneViewState":{"showFog":true,"showMaterialUpdate":false,"showSkybox":false,"showFlares":true,"showImageEffects":true,"showParticleSystems":true},"in2DMode":false,"pivot":{"x":-0.07999992370605469,"y":-0.9000000953674316,"z":-1042.280029296875},"rotation":{"x":-0.09783050417900086,"y":-0.730211079120636,"z":0.10701163113117218,"w":-0.6676926016807556},"size":12.232110023498536,"orthographic":false}