{"cameraMode":{"drawMode":0,"name":"Shaded","section":"Shading Mode"},"sceneLighting":false,"audioPlay":false,"sceneViewState":{"showFog":true,"showMaterialUpdate":false,"showSkybox":true,"showFlares":true,"showImageEffects":true,"showParticleSystems":true},"in2DMode":false,"pivot":{"x":0.0,"y":-1.0447520017623902,"z":-1045.8082275390625},"rotation":{"x":-0.025493213906884195,"y":0.01799510419368744,"z":0.00045901944395154715,"w":0.9995167255401611},"size":4.844070911407471,"orthographic":false}