{"cameraMode":{"drawMode":0,"name":"Shaded","section":"Shading Mode"},"sceneLighting":false,"audioPlay":false,"sceneViewState":{"showFog":true,"showMaterialUpdate":false,"showSkybox":false,"showFlares":true,"showImageEffects":true,"showParticleSystems":true},"in2DMode":false,"pivot":{"x":614.3585205078125,"y":312.9690856933594,"z":-0.00006103515625},"rotation":{"x":0.03430325165390968,"y":0.10474679619073868,"z":-0.0036153141409158708,"w":0.9939032196998596},"size":10.0,"orthographic":false}