{"cameraMode":{"drawMode":0,"name":"Shaded","section":"Shading Mode"},"sceneLighting":false,"audioPlay":false,"sceneViewState":{"showFog":true,"showMaterialUpdate":false,"showSkybox":true,"showFlares":true,"showImageEffects":true,"showParticleSystems":true},"in2DMode":false,"pivot":{"x":463.6174011230469,"y":-70.74800109863281,"z":413.0654296875},"rotation":{"x":0.07016593962907791,"y":0.08816666156053543,"z":-0.00622603902593255,"w":0.9936122298240662},"size":694.6889038085938,"orthographic":false}