{"cameraMode":{"drawMode":0,"name":"Shaded","section":"Shading Mode"},"sceneLighting":false,"audioPlay":false,"sceneViewState":{"showFog":true,"showMaterialUpdate":false,"showSkybox":false,"showFlares":true,"showImageEffects":true,"showParticleSystems":true},"in2DMode":false,"pivot":{"x":960.0004272460938,"y":499.0000305175781,"z":-0.00002288818359375},"rotation":{"x":0.023997725918889047,"y":-0.0035916881170123817,"z":-0.00008653772238176316,"w":-0.9997140765190125},"size":1081.943359375,"orthographic":false}