{"cameraMode":{"drawMode":0,"name":"Shaded","section":"Shading Mode"},"sceneLighting":false,"audioPlay":false,"sceneViewState":{"showFog":true,"showMaterialUpdate":false,"showSkybox":false,"showFlares":true,"showImageEffects":true,"showParticleSystems":true},"in2DMode":false,"pivot":{"x":0.43932151794433596,"y":-0.364579439163208,"z":0.28184616565704348},"rotation":{"x":0.023997725918889047,"y":-0.0035916881170123817,"z":-0.00008653772238176316,"w":-0.9997140765190125},"size":2.8483355045318605,"orthographic":false}