{"cameraMode":{"drawMode":0,"name":"Shaded","section":"Shading Mode"},"sceneLighting":false,"audioPlay":false,"sceneViewState":{"showFog":true,"showMaterialUpdate":false,"showSkybox":false,"showFlares":true,"showImageEffects":true,"showParticleSystems":true},"in2DMode":false,"pivot":{"x":0.4400005340576172,"y":-0.48999977111816409,"z":-1039.3499755859375},"rotation":{"x":-0.09783050417900086,"y":-0.730211079120636,"z":0.10701163113117218,"w":-0.6676926016807556},"size":31.168132781982423,"orthographic":false}