{"cameraMode":{"drawMode":0,"name":"Shaded","section":"Shading Mode"},"sceneLighting":false,"audioPlay":false,"sceneViewState":{"showFog":true,"showMaterialUpdate":false,"showSkybox":false,"showFlares":true,"showImageEffects":true,"showParticleSystems":true},"in2DMode":false,"pivot":{"x":0.06208038330078125,"y":2.288142204284668,"z":-1040.9132080078125},"rotation":{"x":0.10909884423017502,"y":0.3199213147163391,"z":0.03713393211364746,"w":-0.9404307007789612},"size":0.7950136065483093,"orthographic":false}