{"cameraMode":{"drawMode":0,"name":"Shaded","section":"Shading Mode"},"sceneLighting":false,"audioPlay":false,"sceneViewState":{"showFog":true,"showMaterialUpdate":false,"showSkybox":false,"showFlares":true,"showImageEffects":true,"showParticleSystems":true},"in2DMode":false,"pivot":{"x":-15.223517417907715,"y":-0.10617971420288086,"z":150.92840576171876},"rotation":{"x":0.04244784638285637,"y":-0.21704809367656709,"z":0.009447291493415833,"w":0.9751954674720764},"size":12.6856689453125,"orthographic":false}