{"cameraMode":{"drawMode":0,"name":"Shaded","section":"Shading Mode"},"sceneLighting":false,"audioPlay":false,"sceneViewState":{"showFog":true,"showMaterialUpdate":false,"showSkybox":false,"showFlares":true,"showImageEffects":true,"showParticleSystems":true},"in2DMode":false,"pivot":{"x":1.9577488899230958,"y":-0.5122918486595154,"z":0.2637977600097656},"rotation":{"x":0.06245972216129303,"y":0.5791724920272827,"z":-0.04457555711269379,"w":0.8115946650505066},"size":3.8927242755889894,"orthographic":false}